Name,Confidence
priya,0.5927497148513794
abhijeet,0.6153587102890015
ajay,0.6640439033508301
sujith,0.765376091003418
ashish,0.5614882111549377
dinesh,0.602752685546875
Monish,0.6947607398033142
kranthi,0.625414252281189
veeraswamy,0.5632703900337219
sushanth,0.7592379450798035
